d	lm	ls					tm	ts					hello	hope
1	9	7.277820326249603	4	2.2560460133155034	3		0	
